{
  "conditions": [
    {
      "type": "forge:mod_loaded",
      "modid": "tfmg"
    }
  ],
  "type": "create:mixing",
  "ingredients": [
    {
      "item": "tfmg:nitrate_dust"
    },
    {
      "item": "tfmg:nitrate_dust"
    },
    {
      "item": "tfmg:nitrate_dust"
    },
    {
      "item": "minecraft:charcoal"
    },

    {
      "item": "minecraft:charcoal"
    },
    {
      "tag": "forge:dusts/sulfur"
    }
  ],
  "results": [
    {
      "item": "minecraft:gunpowder",
      "count": 6
    }
  ]
}
